 no | tahun | harga 
----+-------+-------
  1 | 2004  |  5000
  2 | 2006  |  9000
  3 | 2004  |  7000
  4 | 2004  |  1000

1. COUNT
select tahun, count(*) from barang group by tahun having count(*) > 2;
iseng1=# select tahun, count(*) from barang group by tahun;
 tahun | count 
-------+-------
 2004  |     3
(2 rows)

2. SUM
select tahun, sum(harga) from barang group by tahun having sum(harga) >  8000;
 tahun |  sum  
-------+-------
 2004  | 13000
 2006  |  9000
(2 rows)
